{
  "model": {
    "type": "minecraft:select",
    "model": "minecraft:item/potion",
    "tints": [
      {
        "type": "minecraft:potion",
        "default": -13083194
      }
    ],
    "property": "minecraft:component",
    "component": "minecraft:custom_name",
    "cases": [
      {
        "when": "Slime Juice",
        "model": {
          "type": "minecraft:model",
          "model": "minecraft:item/slime_juice"
        }
      }
    ],
    "fallback": {
      "type": "minecraft:model",
      "model": "minecraft:item/potion",
      "tints": [
        {
          "type": "minecraft:potion",
          "default": -13083194
        }
      ]
    }
  }
}